actuator_id,name,home,ctrl_low,ctrl_high,plus_target,plus_dx,plus_dy,plus_dz,plus_norm,minus_target,minus_dx,minus_dy,minus_dz,minus_norm
16,arm_right_1_joint_position,0.1,-1.1781,1.5708,0.13,0.014085718023432392,-0.01771982472697098,0.0228043714903845,0.03213158881321746,0.07,0.005732700316514447,-0.017663953903730656,0.02265225955615291,0.02929170502772768
17,arm_right_2_joint_position,1.0,-1.1781,1.5708,1.03,0.009909023205868617,-0.017703301585936027,0.022727719664895174,0.030465470111309796,0.97,0.009909023205868617,-0.017703301585936027,0.022727719664895174,0.030465470111309796
18,arm_right_3_joint_position,1.3,-3.53429,1.5707999999999998,1.33,0.009909023205868617,-0.017703301585936027,0.022727719664895174,0.030465470111309796,1.27,0.009909023205868617,-0.017703301585936027,0.022727719664895174,0.030465470111309796
19,arm_right_4_joint_position,1.55,-0.3926989999999999,2.35619,1.58,0.009909023205868617,-0.017703301585936027,0.022727719664895174,0.030465470111309796,1.52,0.009909023205868617,-0.017703301585936027,0.022727719664895174,0.030465470111309796
20,arm_right_5_joint_position,-1.15,-2.0944,2.0944,-1.1199999999999999,0.009909023205868617,-0.017703301585936027,0.022727719664895174,0.030465470111309796,-1.18,0.009909023205868617,-0.017703301585936027,0.022727719664895174,0.030465470111309796
21,arm_right_6_joint_position,1.0,-1.41372,1.41372,1.03,0.009909023205868617,-0.017703301585936027,0.022727719664895174,0.030465470111309796,0.97,0.009909023205868617,-0.017703301585936027,0.022727719664895174,0.030465470111309796
22,arm_right_7_joint_position,0.0,-2.0944,2.0944,0.03,0.009833186838431929,-0.017691643670809887,0.02246513689673535,0.03023852170598752,-0.03,0.009949517576685038,-0.017713709745070805,0.022769373267751414,0.030515779065060318
